{"Allooy":1045.6424535916,"cediiiiii_10":960.5524616626,"chrisihalt":755.6920903955,"Fflopse":714.9152542373,"_n3d":658.8672316384,"Muniix":666.5419693301,"qriezmannsOpa":622.1973365617,"Ex4cted":519.1097659403,"NewNormal0947":522.6949152542,"ReichesBrot":430.2994350282,"Gobo9":515.0593220339,"HerrDante":494.9289749798,"vzqs":436.99677159,"2wc":423.8757062147,"Joe3346":373.2570621469,"Umgfoin":337.8571428571,"PedroZockt":325.9322033898,"rotmann2":306.8502824859,"Ungluecklicher":253.5028248588,"JOW23":232.1751412429,"Squashgitter333":216.7231638418,"JennieKim":199.4548022599,"DarkCobweb":190.8333333333,"Luxemburq":187.4737691687,"Ninivee":185.8333333333,"Teesily":174.2736077482,"CML_Justin":168.411622276,"FrozenNoah":165.7142857143,"Freeeedom":165.0141242938,"Lelouch610":161.5960451977,"KakaMC":160.4277643261,"swiffle":159.1920903955,"Grapfen":142.8571428571,"GingerTeddy":139.9209039548,"yzvm":129.6428571429,"lizsyy":122.7522195319,"2B9":120.7142857143,"toxicplace":116.6666666667,"agowskyy":115.9523809524,"Lauch1899":115.5225988701,"Schmaarek":114.2857142857,"byTobi":114.1666666667,"yiiq":104.8870056497,"La_meleagro":100.0,"ByNetherdude":100.0,"Shiewk":100.0,"camman18YT":99.1303470541,"MaxMitMaulkorb":94.5238095238,"vKito":92.380952381,"miridis41":91.9047619048,"Vanillinchen":90.8837772397,"TheFabo":83.8559322034,"zBro":80.0,"Nor_Malo":79.5,"h4nnes":79.4047619048,"YBCM":71.4285714286,"GermanPie":70.0,"Phoenix3000":69.1666666667,"LeWi_100":68.8333333333,"Feinberg":68.0225988701,"Sey__":65.7142857143,"Proofreader":65.5084745763,"GeneralEnte06":64.7619047619,"Stockinqs":58.7409200969,"ffawks":57.1509281679,"Lubottus":56.9209039548,"Mincheeen":53.5714285714,"LeMetin_":52.5,"xBaumeisterin":52.380952381,"AnzeigeGehtRaus":50.0,"CuzImKnxck":50.0,"Seemops_8":50.0,"unausgesprochen":49.6428571429,"DaVinci_Son":49.5238095238,"RasenLP":49.4209039548,"DieserBear":40.4075867635,"marbrueck":40.2542372881,"Ritokii":39.011299435,"M0osebumps":37.8894269572,"Wienerisch":37.0863599677,"Bildungsarten":36.5476190476,"Kyuudo":35.4761904762,"NotLennart":35.3571428571,"Otronix":30.0,"y9nic":30.0,"Morittz":28.8095238095,"JOW24":28.5714285714,"xX_Dima_ggg_Xx6":28.3333333333,"zLachs":26.6101694915,"Nervigerr":26.4285714286,"Gryzes":26.3095238095,"Gummibearchen":26.0,"Simlll":25.7142857143,"TheBreadHD":25.0,"HeIsJustAPoorBoy":25.0,"GamemasterNiki":24.802259887,"LucaaOn":24.0476190476,"yachayubin":23.3333333333,"SatzdesPytag0ras":22.5,"Sower_":21.1904761905,"Lingex":20.0,"Bikoop":20.0,"PixlNight":20.0,"CladyNoClip_":20.0,"Janne4k":20.0,"sirmigorius":19.8446327684,"deadfiight":17.5,"lolisamasan":17.0056497175,"Gestimus":16.6666666667,"Luis_XYZ":16.4830508475,"Tim_Voltia":16.0476190476,"Krusti":15.0,"Joel_the_king":13.5,"Vacted":13.3333333333,"revolverz":12.380952381,"Oronor":12.380952381,"twitchparaskiill":11.4285714286,"MrNulfred":10.7142857143,"BauHD":10.0,"Juti0n":10.0,"Jan2220":8.3333333333,"Falke23_5":8.0952380952,"lvlaurin":7.1428571429,"_Waldi_":6.6666666667,"Lennart0911":6.4285714286,"BunnyKiko":5.7142857143,"schwarzekater":5.7142857143,"Sackkerl":5.2380952381,"MoZadaTV":5.0,"Navex":5.0,"crocodile1870":4.7619047619,"Picutar":4.7619047619,"Julius16":4.0476190476,"cxl1lo":3.8095238095,"Dokkkkko":3.8095238095,"M0orey_0":2.8571428571,"WirdNichtGeladen":2.619047619,"Harold_Sensemann":2.619047619,"Snitcherella":2.619047619,"musi1999":2.380952381,"ZweitesIch":2.380952381,"Gfrasti":2.380952381,"FlyingAutismus":2.380952381,"Hyxeed":2.380952381,"SiLoHB":2.380952381,"N3XV":2.380952381,"Pluto28":2.3123486683,"Wolkenfarmer":2.1428571429,"shellny":2.1428571429,"Acidey":2.1428571429,"Bartschii":1.9047619048,"Lutorix":1.9047619048,"xd_Maiky":1.9047619048,"Persidieus":1.9047619048,"FluffyDragon2007":1.9047619048,"Gerrygames":1.7796610169,"T_Niko_T":1.6666666667,"Dat_Klan":1.6666666667,"HerosHD":1.4285714286,"medisant":1.4285714286,"Martomias":1.4285714286,"Sebi1801":1.4285714286,"Kklopse":1.4285714286,"20LeRe10":1.1904761905,"dossantosaveiro_":0.9523809524,"Chander24":0.9523809524,"DrSpeed06":0.9523809524,"GrafikKatze":0.9322033898,"krstn_":0.8474576271,"_Einfallslos_":0.8474576271,"SB387":0.7142857143,"xX_Masha_ggg_Xx9":0.7142857143,"Raefinzs":0.7142857143,"JustAnyy":0.7142857143,"frutigall":0.7142857143,"FlyingKyubi":0.7142857143,"RyanxCole":0.7142857143,"ScreamingBlatz":0.7142857143,"BastiGHG":0.4761904762,"MaxOnTheRoad":0.4237288136,"__egE":0.4237288136,"kfc_man069":0.3389830508,"EinfachEazy":0.0,"Sthyq":0.0,"Wissender":0.0,"WshPasie":0.0,"Carl1_1":0.0,"Highsay":0.0,"Kokochampo":0.0,"trahoyober":0.0,"DerAutist":0.0,"Kopfradio":0.0,"Axollotel":0.0,"redbrll":0.0,"SpeckyCut":0.0,"bawskey":0.0,"lolisamakun":0.0,"linastunna":0.0,"ArthurAlchemist":0.0,"IchHolzDichWeg":0.0,"BusinessBent":0.0,"PolizeiDreamy":0.0,"Tomiokey":0.0,"LordAlexos":0.0,"D4rkCookie":0.0,"Anni808":0.0,"Flitzi_Dino":0.0,"Falke_01":0.0,"Laaaachs":0.0,"xFloraSun":0.0,"Cytoox":0.0,"loukrativ":0.0,"Kanickelul":0.0,"jimmi4Life":0.0,"Steavn":0.0,"Txlentierter":0.0,"juvona":0.0,"JayMinInSane":0.0,"Mvsk_":0.0,"Mansuni":0.0,"PumiTheCat":0.0,"SecretAgent_K":0.0,"Odlaa":0.0,"KINT0":0.0,"Tammywood":0.0,"xIForgotMySkill":0.0,"ForceFox":0.0,"NiklasMoWo":0.0,"Dubbly":0.0,"destr0yed_":0.0,"Scuprum":0.0,"SWLegende":0.0,"cheesecake2901":0.0,"Lord_Weibull":0.0,"demiu":0.0,"NanamiElvi":0.0,"OutcroYoutube":0.0,"G0at3D":0.0,"WuschigesEtwas":0.0,"Karsten5":0.0,"jiimmii":0.0,"TheKillerisback":0.0,"qMika":0.0,"Joy_8oy":0.0,"KMaxN":0.0,"SpinCrafter":0.0,"xiooh":0.0,"LilFueller":0.0,"StaudammAusHolz":0.0,"GlowyDusk":0.0,".DS_Store":0.0,"Keenaai":0.0,"SmartyxD":0.0}