{"Allooy":1101.4340659341,"cediiiiii_10":934.6172161172,"chrisihalt":781.4188034188,"_n3d":740.3733211233,"Muniix":726.9865689866,"Fflopse":643.6761294261,"qriezmannsOpa":720.4401709402,"Ex4cted":538.7991452991,"Gobo9":501.7289377289,"ReichesBrot":457.8141025641,"NewNormal0947":478.1236263736,"Umgfoin":372.0604395604,"HerrDante":306.2878510379,"rotmann2":305.0641025641,"Joe3346":244.6758241758,"CML_Justin":218.8547008547,"JennieKim":232.4658119658,"FrozenNoah":198.2307692308,"JOW23":189.7203907204,"Ninivee":196.5903540904,"VendasTM":187.3717948718,"Freeeedom":183.4829059829,"Teesily":185.9316239316,"Lelouch610":189.8760683761,"DarkCobweb":164.0445665446,"Luxemburq":170.8455433455,"PedroZockt":0.0,"GingerTeddy":175.3888888889,"Squashgitter333":156.9444444444,"Pedrozockt":302.3717948718,"2wc":141.25,"KakaMC":138.1562881563,"Ungluecklicher":87.0641025641,"2B9":150.1474358974,"Grapfen":123.6584249084,"lizsyy":122.6923076923,"agowskyy":117.4084249084,"toxicplace":116.6666666667,"La_meleagro":121.9413919414,"yzvm":100.119047619,"Schmaarek":98.7179487179,"Shiewk":100.3418803419,"ByNetherdude":100.0,"yiiq":87.0128205128,"byTobi":80.5915750916,"miridis41":96.4102564103,"vKito":89.4743589744,"camman18YT":87.1703296703,"MaxMitMaulkorb":90.1282051282,"Nor_Malo":0.0,"Vanillinchen":80.9401709402,"swiffle":89.4188034188,"LeMetin_":74.5512820513,"TheFabo":79.4444444444,"Sey__":82.6923076923,"GermanPie":84.7985347985,"zBro":63.2600732601,"YBCM":69.4871794872,"LeWi_100":68.8333333333,"Feinberg":67.4358974359,"h4nnes":51.5256410256,"Lubottus":60.8547008547,"GeneralEnte06":59.8717948718,"Stockinqs":57.9487179487,"ffawks":51.6666666667,"RasenLP":53.8461538462,"xBaumeisterin":51.5384615385,"Mincheeen":51.2820512821,"Seemops_8":50.0,"DaVinci_Son":49.9148351648,"unausgesprochen":46.7948717949,"marbrueck":37.452991453,"Wienerisch":45.5769230769,"Ritokii":37.4358974359,"LucaaOn":48.5833333333,"M0osebumps":30.0854700855,"Morittz":36.1904761905,"GamemasterNiki":33.9957264957,"y9nic":30.0,"NotLennart":23.2738095238,"Kyuudo":22.6923076923,"xX_Dima_ggg_Xx6":27.1794871795,"HeIsJustAPoorBoy":26.6666666667,"Gestimus":35.9166666667,"AnzeigeGehtRaus":0.0,"TheBreadHD":25.0,"Gryzes":23.2051282051,"DieserBear":21.8376068376,"JOW24":20.0366300366,"yachayubin":23.3333333333,"Gerrygames":26.0512820513,"Bildungsarten":0.0,"SatzdesPytag0ras":22.5,"Gummibearchen":18.380952381,"Persidieus":39.7298534799,"Lingex":20.0,"PixlNight":20.0,"Krusti":20.0,"Bikoop":17.6666666667,"Simlll":12.3076923077,"deadfiight":20.1709401709,"Nervigerr":12.5,"zLachs":0.0,"lolisamasan":15.0,"Vacted":16.6666666667,"twitchparaskiill":18.4358974359,"Janne4k":10.0,"ZweitesIch":26.6712454212,"sirmigorius":0.0,"lvlaurin":18.4615384615,"Flitzi_Dino":26.7857142857,"BastiGHG":20.0,"Tim_Voltia":13.2820512821,"Txlentierter":25.2857142857,"Keenaai":15.0,"Hyxeed":22.5641025641,"BunnyKiko":18.8827838828,"BauHD":12.1794871795,"CladyNoClip_":0.0,"MrNulfred":11.6666666667,"Juti0n":11.6666666667,"Sthyq":23.3333333333,"revolverz":9.2307692308,"Sower_":0.0,"LordAlexos":10.0,"Oronor":10.0,"MaxOnTheRoad":17.094017094,"Phoenix3000":10.0,"Wolkenfarmer":14.8076923077,"Bartschii":14.1941391941,"FlyingKyubi":15.0256410256,"Luis_XYZ":7.905982906,"Steavn":15.3571428571,"Lutorix":13.3012820513,"Falke23_5":7.5641025641,"Mansuni":14.2857142857,"ArthurAlchemist":14.2857142857,"DerAutist":14.2857142857,"juvona":12.7884615385,"Jan2220":6.6666666667,"_Waldi_":6.6666666667,"TheKillerisback":12.5,"Dat_Klan":10.3663003663,"Lennart0911":5.7692307692,"SecretAgent_K":10.7142857143,"MoZadaTV":5.0,"Navex":5.0,"Kanickelul":10.0,"Harold_Sensemann":4.2628205128,"Picutar":4.8717948718,"medisant":7.7884615385,"Sebi1801":8.2692307692,"ForceFox":3.75,"Joel_the_king":0.0,"Julius16":3.0769230769,"PumiTheCat":5.7142857143,"SWLegende":0.0,"Falke_01":5.0,"NiklasMoWo":5.0,"KMaxN":5.0,"SiLoHB":2.5641025641,"Cytoox":2.5641025641,"musi1999":2.5641025641,"Sackkerl":2.5641025641,"Acidey":2.3076923077,"FlyingAutismus":2.3076923077,"N3XV":2.3076923077,"shellny":1.7948717949,"frutigall":3.3333333333,"Pluto28":1.5384615385,"crocodile1870":1.5384615385,"HerosHD":1.5384615385,"Dokkkkko":1.5384615385,"cxl1lo":1.2820512821,"WirdNichtGeladen":1.2820512821,"linastunna":0.0,"_Einfallslos_":1.0256410256,"RyanxCole":1.0256410256,"Snitcherella":1.0256410256,"GrafikKatze":0.9401709402,"D4rkCookie":0.9401709402,"T_Niko_T":0.5128205128,"Laaaachs":0.5128205128,"xd_Maiky":0.5128205128,"__egE":0.4273504274,"LilFueller":0.4273504274,"xX_Masha_ggg_Xx9":0.2564102564,"Otronix":0.0,"Highsay":0.0,"Axollotel":0.0,"PolizeiDreamy":0.0,"WuschigesEtwas":0.0,"BusinessBent":0.0,"xiooh":0.0,"GlowyDusk":0.0,"Chander24":0.0,"Dubbly":0.0,"EinfachEazy":0.0,"Odlaa":0.0,"M0orey_0":0.0,"bawskey":0.0,"SpeckyCut":0.0,"Raefinzs":0.0,"Martomias":0.0,"JayMinInSane":0.0,"destr0yed_":0.0,"OutcroYoutube":0.0,"lolisamakun":0.0,"SmartyxD":0.0,"Tammywood":0.0,"NanamiElvi":0.0,"jimmi4Life":0.0,"20LeRe10":0.0,"SpinCrafter":0.0,"Kokochampo":0.0,"loukrativ":0.0,"Mvsk_":0.0,"Scuprum":0.0,"Kopfradio":0.0,"redbrll":0.0,"Bikop":0.0,"KINT0":0.0,"WshPasie":0.0,"StaudammAusHolz":0.0,"ScreamingBlatz":0.0,"bikop":0.0,"FluffyDragon2007":0.0,"Wissender":0.0,"dossantosaveiro_":0.0,"Gfrasti":0.0,"Tomiokey":0.0,"SB387":0.0,"cheesecake2901":0.0,"Anni808":0.0,"Carl1_1":0.0,"IchHolzDichWeg":0.0,"DrSpeed06":0.0,"kfc_man069":0.0,"G0at3D":0.0,"demiu":0.0,"Lord_Weibull":0.0,"Joy_8oy":0.0,"xIForgotMySkill":0.0}