{"Allooy":1122.2713835238,"cediiiiii_10":1062.5735120221,"chrisihalt":788.6765865195,"Fflopse":715.593220339,"Muniix":746.6093811588,"_n3d":698.9303639469,"qriezmannsOpa":693.3242675076,"NewNormal0947":582.7701353304,"Ex4cted":539.6791486007,"Gobo9":532.1812508212,"ReichesBrot":452.4800289055,"HerrDante":376.4076336881,"Joe3346":326.8139534884,"Umgfoin":348.871041913,"PedroZockt":329.5946656156,"rotmann2":283.5146498489,"Ungluecklicher":231.3539613717,"JennieKim":262.7010905269,"JOW23":234.3069241887,"Luxemburq":230.2834712916,"yVendas":229.2123899619,"FrozenNoah":227.3255813953,"Ninivee":203.8953488372,"DarkCobweb":198.8953488372,"Teesily":192.1708711076,"Freeeedom":187.4776639075,"CML_Justin":176.1980028906,"Lelouch610":169.6459072395,"2wc":155.8333333333,"KakaMC":154.0336355275,"GingerTeddy":143.5488109315,"Nor_Malo":152.6201550388,"Squashgitter333":140.7758507423,"Grapfen":138.2170542636,"yzvm":129.1666666667,"lizsyy":122.0562343976,"2B9":120.6589147287,"agowskyy":118.5271317829,"toxicplace":116.6666666667,"byTobi":115.3294573643,"La_meleagro":109.3023255814,"Schmaarek":107.0542635659,"Proofreader":116.6666666667,"yiiq":105.1412429379,"camman18YT":103.2820917094,"vKito":101.2596899225,"Shiewk":100.1694915254,"ByNetherdude":100.0,"miridis41":90.8139534884,"Vanillinchen":90.6779661017,"Lauch1899":90.1694915254,"MaxMitMaulkorb":89.9612403101,"swiffle":88.8774142688,"TheFabo":88.8243988963,"zBro":82.0930232558,"h4nnes":74.6317829457,"Sey__":71.8217054264,"GermanPie":70.4651162791,"YBCM":69.2248062016,"LeWi_100":68.8333333333,"Feinberg":67.0148469321,"Lubottus":59.4790434897,"GeneralEnte06":58.7209302326,"Stockinqs":57.2309814742,"ffawks":54.4632768362,"LeMetin_":54.3604651163,"RasenLP":52.7397845224,"xBaumeisterin":51.3953488372,"AnzeigeGehtRaus":51.3953488372,"Mincheeen":50.4651162791,"Seemops_8":50.0,"DaVinci_Son":48.7596899225,"unausgesprochen":47.4612403101,"marbrueck":46.3782682959,"Bildungsarten":40.5620155039,"Wienerisch":39.9264222835,"Ritokii":37.4293785311,"M0osebumps":36.3999474445,"NotLennart":35.8333333333,"Kyuudo":32.5968992248,"zLachs":31.013992905,"GamemasterNiki":30.4802259887,"Morittz":30.0,"y9nic":30.0,"xX_Dima_ggg_Xx6":27.1317829457,"HeIsJustAPoorBoy":26.6666666667,"JOW24":26.6666666667,"DieserBear":26.4873209828,"Gummibearchen":26.0,"Gryzes":25.5620155039,"Simlll":25.4263565891,"TheBreadHD":25.0,"Nervigerr":25.0,"CladyNoClip_":23.4302325581,"LucaaOn":23.3333333333,"yachayubin":23.3333333333,"SatzdesPytag0ras":22.5,"Bikoop":21.6666666667,"Sower_":20.2325581395,"PixlNight":20.0,"Lingex":20.0,"Janne4k":20.0,"Krusti":19.6899224806,"Gerrygames":18.0587307844,"sirmigorius":17.9237288136,"deadfiight":17.5,"lolisamasan":16.6666666667,"Gestimus":16.6666666667,"Vacted":16.6666666667,"Joel_the_king":15.5,"Tim_Voltia":13.1627906977,"Phoenix3000":7.5,"twitchparaskiill":12.3643410853,"revolverz":12.3255813953,"MrNulfred":11.6666666667,"Juti0n":11.6666666667,"Oronor":10.0,"BauHD":10.0,"lvlaurin":9.1279069767,"Luis_XYZ":7.7966101695,"schwarzekater":7.5,"Falke23_5":7.3255813953,"_Waldi_":6.6666666667,"Jan2220":6.6666666667,"BunnyKiko":5.6976744186,"Lennart0911":5.6976744186,"Harold_Sensemann":5.4651162791,"ForceFox":5.0,"Keenaai":5.0,"Navex":5.0,"MoZadaTV":5.0,"qMika":5.0,"Picutar":4.4186046512,"Julius16":2.7906976744,"linastunna":2.3255813953,"SiLoHB":2.3255813953,"ZweitesIch":2.3255813953,"Hyxeed":2.3255813953,"FlyingAutismus":2.0930232558,"musi1999":2.0930232558,"Wolkenfarmer":2.0930232558,"Cytoox":2.0930232558,"Acidey":2.0930232558,"Persidieus":1.8604651163,"Lutorix":1.8604651163,"Bartschii":1.8604651163,"Pluto28":1.7343318881,"Sackkerl":1.6279069767,"N3XV":1.6279069767,"shellny":1.6279069767,"Dat_Klan":1.6279069767,"crocodile1870":1.3953488372,"HerosHD":1.3953488372,"medisant":1.3953488372,"Kklopse":1.3953488372,"cxl1lo":1.1627906977,"juvona":1.1627906977,"WirdNichtGeladen":1.1627906977,"GrafikKatze":0.9322033898,"Snitcherella":0.9302325581,"krstn_":0.8474576271,"_Einfallslos_":0.8474576271,"Dokkkkko":0.9302325581,"FlyingKyubi":0.6976744186,"RyanxCole":0.6976744186,"Sebi1801":0.6976744186,"D4rkCookie":0.6976744186,"T_Niko_T":0.4651162791,"Laaaachs":0.4651162791,"__egE":0.4237288136,"MaxOnTheRoad":0.4237288136,"LilFueller":0.1694915254,"GlowyDusk":0.0,"DerAutist":0.0,"PolizeiDreamy":0.0,"Flitzi_Dino":0.0,"Carl1_1":0.0,"Mansuni":0.0,"bawskey":0.0,"IchHolzDichWeg":0.0,"Mvsk_":0.0,"Chander24":0.0,"OutcroYoutube":0.0,"Martomias":0.0,"dossantosaveiro_":0.0,"Falke_01":0.0,"Axollotel":0.0,"xX_Masha_ggg_Xx9":0.0,"JustAnyy":0.0,"SpeckyCut":0.0,"Kanickelul":0.0,"20LeRe10":0.0,"Scuprum":0.0,"SWLegende":0.0,"Otronix":0.0,"PumiTheCat":0.0,"G0at3D":0.0,"Gfrasti":0.0,"SecretAgent_K":0.0,"KMaxN":0.0,"Tomiokey":0.0,"redbrll":0.0,"CuzImKnxck":0.0,"Anni808":0.0,"SpinCrafter":0.0,"NanamiElvi":0.0,"Wissender":0.0,"ArthurAlchemist":0.0,"SB387":0.0,"Odlaa":0.0,"lolisamakun":0.0,"M0orey_0":0.0,"NiklasMoWo":0.0,"Steavn":0.0,"demiu":0.0,"xIForgotMySkill":0.0,"destr0yed_":0.0,"Sthyq":0.0,"Lord_Weibull":0.0,"KINT0":0.0,"cheesecake2901":0.0,"Joy_8oy":0.0,"EinfachEazy":0.0,"Tammywood":0.0,"LordAlexos":0.0,"Raefinzs":0.0,"loukrativ":0.0,"BastiGHG":0.0,"xiooh":0.0,"WuschigesEtwas":0.0,"WshPasie":0.0,"FluffyDragon2007":0.0,"TheKillerisback":0.0,"kfc_man069":0.0,"ScreamingBlatz":0.0,"Highsay":0.0,"DrSpeed06":0.0,"StaudammAusHolz":0.0,"frutigall":0.0,"xd_Maiky":0.0,"jimmi4Life":0.0,"BusinessBent":0.0,"Kopfradio":0.0,"Txlentierter":0.0,"Dubbly":0.0,"Kokochampo":0.0,"JayMinInSane":0.0,"SmartyxD":0.0}