{"Allooy":1023.947575877,"cediiiiii_10":969.4013270267,"chrisihalt":763.8649323348,"Fflopse":693.8588884509,"_n3d":657.2160688477,"Muniix":673.692353173,"qriezmannsOpa":620.4306924189,"Ex4cted":528.5577453685,"ReichesBrot":429.1438707134,"NewNormal0947":528.7098935751,"yVendas":463.8018657207,"vzqs":463.8018657207,"Gobo9":492.7481934043,"HerrDante":404.1919590067,"Joe3346":370.9591380896,"Umgfoin":339.8062015504,"Ungluecklicher":274.2635658915,"2wc":320.4491525424,"PedroZockt":315.6681119432,"rotmann2":269.2294048088,"JOW23":230.140257522,"Squashgitter333":216.5536723164,"JennieKim":203.8346472211,"Ninivee":193.8953488372,"DarkCobweb":192.2286821705,"Teesily":179.8600709499,"Freeeedom":175.4936933386,"Luxemburq":174.5020365261,"FrozenNoah":167.3255813953,"CML_Justin":155.3939035606,"KakaMC":153.6315858626,"Lelouch610":148.7278281435,"GingerTeddy":133.7154775982,"swiffle":132.8161214032,"Grapfen":131.0852713178,"yzvm":124.1666666667,"lizsyy":121.9714886349,"2B9":120.6589147287,"toxicplace":116.6666666667,"byTobi":115.3294573643,"Lauch1899":114.0375771909,"agowskyy":113.5271317829,"La_meleagro":109.3023255814,"Schmaarek":106.5891472868,"yiiq":104.8870056497,"ByNetherdude":100.0,"Shiewk":100.0,"camman18YT":95.0844172908,"Joy_8oy":95.0,"vKito":92.0930232558,"miridis41":90.8139534884,"Vanillinchen":90.2542372881,"MaxMitMaulkorb":89.9612403101,"TheFabo":85.0768624359,"zBro":82.0930232558,"Nor_Malo":78.4534883721,"h4nnes":72.1317829457,"Sey__":71.3565891473,"GermanPie":70.0,"YBCM":69.2248062016,"LeWi_100":68.8333333333,"Feinberg":67.0148469321,"Proofreader":65.5084745763,"Lubottus":59.0139272106,"GeneralEnte06":58.7209302326,"Stockinqs":57.1462357115,"LeMetin_":54.3604651163,"RasenLP":52.9940218105,"ffawks":51.7937853107,"AnzeigeGehtRaus":51.3953488372,"xBaumeisterin":51.3953488372,"Mincheeen":50.4651162791,"Seemops_8":50.0,"CuzImKnxck":50.0,"DaVinci_Son":46.2596899225,"unausgesprochen":44.9612403101,"marbrueck":44.2464853502,"Phoenix3000":42.5,"Wienerisch":40.7935882276,"Bildungsarten":38.4302325581,"Ritokii":37.3446327684,"M0osebumps":36.3999474445,"NotLennart":34.1666666667,"Kyuudo":32.5968992248,"y9nic":30.0,"Otronix":30.0,"Morittz":28.3333333333,"xX_Dima_ggg_Xx6":27.1317829457,"DieserBear":26.0222047037,"Gummibearchen":26.0,"Simlll":25.4263565891,"Nervigerr":25.0,"TheBreadHD":25.0,"HeIsJustAPoorBoy":25.0,"GamemasterNiki":24.8870056497,"JOW24":24.1666666667,"LucaaOn":23.3333333333,"yachayubin":23.3333333333,"Gryzes":23.0620155039,"SatzdesPytag0ras":22.5,"zLachs":22.2230981474,"CladyNoClip_":20.9302325581,"Sower_":20.2325581395,"Janne4k":20.0,"Bikoop":20.0,"PixlNight":20.0,"Lingex":20.0,"sirmigorius":18.2627118644,"Krusti":18.023255814,"Gerrygames":17.5936145053,"deadfiight":17.5,"Gestimus":16.6666666667,"Vacted":15.0,"lolisamasan":14.5056497175,"Tim_Voltia":13.1627906977,"Joel_the_king":11.5,"twitchparaskiill":10.6976744186,"Juti0n":10.0,"Oronor":10.0,"BauHD":10.0,"MrNulfred":10.0,"revolverz":9.8255813953,"Luis_XYZ":7.7966101695,"Falke23_5":7.3255813953,"Jan2220":6.6666666667,"_Waldi_":6.6666666667,"Lennart0911":5.6976744186,"BunnyKiko":5.6976744186,"MoZadaTV":5.0,"Navex":5.0,"schwarzekater":5.0,"Picutar":4.4186046512,"Julius16":2.7906976744,"musi1999":2.3255813953,"SiLoHB":2.3255813953,"ZweitesIch":2.3255813953,"Hyxeed":2.3255813953,"Wolkenfarmer":2.0930232558,"Acidey":2.0930232558,"FlyingAutismus":2.0930232558,"Cytoox":2.0930232558,"Persidieus":1.8604651163,"Lutorix":1.8604651163,"Bartschii":1.8604651163,"Sackkerl":1.6279069767,"shellny":1.6279069767,"N3XV":1.6279069767,"Dat_Klan":1.6279069767,"Pluto28":1.5648403626,"HerosHD":1.3953488372,"lvlaurin":1.3953488372,"medisant":1.3953488372,"crocodile1870":1.3953488372,"Kklopse":1.3953488372,"cxl1lo":1.1627906977,"juvona":1.1627906977,"WirdNichtGeladen":1.1627906977,"GrafikKatze":0.9322033898,"Snitcherella":0.9302325581,"krstn_":0.8474576271,"_Einfallslos_":0.8474576271,"FlyingKyubi":0.6976744186,"RyanxCole":0.6976744186,"D4rkCookie":0.6976744186,"Sebi1801":0.6976744186,"Dokkkkko":0.4651162791,"Harold_Sensemann":0.4651162791,"T_Niko_T":0.4651162791,"MaxOnTheRoad":0.4237288136,"__egE":0.4237288136,"kfc_man069":0.3389830508,"linastunna":0.0,"xFloraSun":0.0,"EinfachEazy":0.0,"DrSpeed06":0.0,"xX_Masha_ggg_Xx9":0.0,"Kopfradio":0.0,"SWLegende":0.0,"PolizeiDreamy":0.0,"DerAutist":0.0,"Carl1_1":0.0,"SB387":0.0,"Falke_01":0.0,"WshPasie":0.0,"WuschigesEtwas":0.0,"Axollotel":0.0,"OutcroYoutube":0.0,"Mansuni":0.0,"lolisamakun":0.0,"Martomias":0.0,"bawskey":0.0,"Chander24":0.0,"jimmi4Life":0.0,"dossantosaveiro_":0.0,"Anni808":0.0,"PumiTheCat":0.0,"StaudammAusHolz":0.0,"G0at3D":0.0,"SecretAgent_K":0.0,"KMaxN":0.0,"ForceFox":0.0,"JustAnyy":0.0,"Tomiokey":0.0,"redbrll":0.0,"IchHolzDichWeg":0.0,"ArthurAlchemist":0.0,"SpeckyCut":0.0,"Karsten5":0.0,"SpinCrafter":0.0,"NanamiElvi":0.0,"Wissender":0.0,"M0orey_0":0.0,"Steavn":0.0,"Flitzi_Dino":0.0,"Odlaa":0.0,"log":0.0,"cheesecake2901":0.0,"demiu":0.0,"destr0yed_":0.0,"loukrativ":0.0,"20LeRe10":0.0,"Lord_Weibull":0.0,"frutigall":0.0,"xIForgotMySkill":0.0,"Raefinzs":0.0,"LilFueller":0.0,"xiooh":0.0,"qMika":0.0,"BastiGHG":0.0,"NiklasMoWo":0.0,"JayMinInSane":0.0,"Tammywood":0.0,"Dubbly":0.0,"KINT0":0.0,"Highsay":0.0,"ScreamingBlatz":0.0,"FluffyDragon2007":0.0,"GlowyDusk":0.0,"Gfrasti":0.0,"TheKillerisback":0.0,"jiimmii":0.0,"Mvsk_":0.0,"xd_Maiky":0.0,"Kanickelul":0.0,"Kokochampo":0.0,"Scuprum":0.0,"Sthyq":0.0,"trahoyober":0.0,"Laaaachs":0.0,"BusinessBent":0.0,"Txlentierter":0.0,"Keenaai":0.0,"LordAlexos":0.0,"SmartyxD":0.0}