{"Allooy":1089.9126921561,"cediiiiii_10":1060.4464590724,"chrisihalt":787.0202995664,"Fflopse":714.1761923532,"_n3d":730.4026409145,"Muniix":720.2968072527,"qriezmannsOpa":675.2451714624,"NewNormal0947":610.2767047694,"Ex4cted":532.1801340166,"ReichesBrot":448.3105373801,"Gobo9":507.7603468664,"Joe3346":413.7443831297,"HerrDante":379.169425831,"Umgfoin":375.503875969,"PedroZockt":329.0014452766,"2wc":287.6836158192,"Ungluecklicher":236.1844698463,"rotmann2":280.4647878071,"JOW23":234.3069241887,"JennieKim":233.9193929838,"Ninivee":203.8953488372,"FrozenNoah":197.3255813953,"DarkCobweb":197.2286821705,"Luxemburq":195.899356195,"CML_Justin":175.7112074629,"yVendas":193.3018657207,"Teesily":190.1990540008,"Freeeedom":175.5784391013,"Lelouch610":169.6459072395,"KakaMC":153.801077388,"swiffle":148.6494547366,"GingerTeddy":143.5488109315,"Grapfen":137.7519379845,"Squashgitter333":137.1468926554,"yzvm":129.1666666667,"lizsyy":122.0562343976,"2B9":120.6589147287,"agowskyy":118.5271317829,"toxicplace":116.6666666667,"Nor_Malo":115.9534883721,"byTobi":115.3294573643,"La_meleagro":109.3023255814,"Schmaarek":106.8217054264,"yiiq":105.0564971751,"Lauch1899":100.2542372881,"ByNetherdude":100.0,"Shiewk":100.0,"camman18YT":95.0844172908,"vKito":92.0930232558,"Sey__":91.5891472868,"miridis41":90.8139534884,"Vanillinchen":90.3389830508,"MaxMitMaulkorb":89.9612403101,"TheFabo":88.2745368546,"Proofreader":85.0,"zBro":82.0930232558,"h4nnes":74.6317829457,"GermanPie":70.0,"YBCM":69.2248062016,"LeWi_100":68.8333333333,"Feinberg":67.0148469321,"Lubottus":59.4790434897,"GeneralEnte06":58.7209302326,"Stockinqs":57.1462357115,"LeMetin_":54.3604651163,"ffawks":54.2937853107,"RasenLP":53.2482590987,"xBaumeisterin":51.3953488372,"AnzeigeGehtRaus":51.3953488372,"Mincheeen":50.4651162791,"Seemops_8":50.0,"CuzImKnxck":50.0,"DaVinci_Son":48.7596899225,"unausgesprochen":47.4612403101,"marbrueck":46.1457101564,"Phoenix3000":42.5,"Wienerisch":41.3651294179,"Bildungsarten":40.3511365129,"Ritokii":37.3446327684,"M0osebumps":36.3999474445,"NotLennart":34.1666666667,"Kyuudo":32.5968992248,"GamemasterNiki":30.1412429379,"y9nic":30.0,"Morittz":28.3333333333,"xX_Dima_ggg_Xx6":27.1317829457,"JOW24":26.6666666667,"DieserBear":26.0222047037,"Gummibearchen":26.0,"Gryzes":25.5620155039,"Simlll":25.4263565891,"Nervigerr":25.0,"HeIsJustAPoorBoy":25.0,"TheBreadHD":25.0,"CladyNoClip_":23.4302325581,"yachayubin":23.3333333333,"LucaaOn":23.3333333333,"zLachs":22.8793851005,"SatzdesPytag0ras":22.5,"Sower_":20.2325581395,"Lingex":20.0,"Janne4k":20.0,"PixlNight":20.0,"Bikoop":20.0,"sirmigorius":18.1779661017,"Krusti":18.023255814,"Gerrygames":17.5936145053,"deadfiight":17.5,"lolisamasan":17.0056497175,"Gestimus":16.6666666667,"Vacted":16.6666666667,"Joel_the_king":13.5,"Tim_Voltia":13.1627906977,"revolverz":12.3255813953,"twitchparaskiill":10.6976744186,"MrNulfred":10.0,"Juti0n":10.0,"BauHD":10.0,"Oronor":10.0,"lvlaurin":9.1279069767,"Luis_XYZ":7.7966101695,"Falke23_5":7.3255813953,"Jan2220":6.6666666667,"_Waldi_":6.6666666667,"Lennart0911":5.6976744186,"BunnyKiko":5.6976744186,"Harold_Sensemann":5.4651162791,"ForceFox":5.0,"schwarzekater":5.0,"Navex":5.0,"Keenaai":5.0,"MoZadaTV":5.0,"Picutar":4.4186046512,"Julius16":2.7906976744,"linastunna":2.3255813953,"SiLoHB":2.3255813953,"ZweitesIch":2.3255813953,"Hyxeed":2.3255813953,"Acidey":2.0930232558,"musi1999":2.0930232558,"Wolkenfarmer":2.0930232558,"FlyingAutismus":2.0930232558,"Cytoox":2.0930232558,"N3XV":1.8821442649,"Persidieus":1.8604651163,"Bartschii":1.8604651163,"Lutorix":1.8604651163,"Pluto28":1.6495861253,"shellny":1.6279069767,"Sackkerl":1.6279069767,"Dat_Klan":1.6279069767,"Kklopse":1.3953488372,"medisant":1.3953488372,"HerosHD":1.3953488372,"crocodile1870":1.3953488372,"cxl1lo":1.1627906977,"juvona":1.1627906977,"WirdNichtGeladen":1.1627906977,"GrafikKatze":0.9322033898,"Snitcherella":0.9302325581,"_Einfallslos_":0.8474576271,"krstn_":0.8474576271,"RyanxCole":0.6976744186,"Sebi1801":0.6976744186,"FlyingKyubi":0.6976744186,"D4rkCookie":0.6976744186,"Dokkkkko":0.4651162791,"T_Niko_T":0.4651162791,"__egE":0.4237288136,"MaxOnTheRoad":0.4237288136,"Chander24":0.0,"bawskey":0.0,"Anni808":0.0,"PolizeiDreamy":0.0,"DerAutist":0.0,"Carl1_1":0.0,"Mansuni":0.0,"Martomias":0.0,"M0orey_0":0.0,"xX_Masha_ggg_Xx9":0.0,"IchHolzDichWeg":0.0,"lolisamakun":0.0,"Mvsk_":0.0,"Flitzi_Dino":0.0,"Highsay":0.0,"OutcroYoutube":0.0,"WuschigesEtwas":0.0,"kfc_man069":0.0,"xFloraSun":0.0,"jimmi4Life":0.0,"dossantosaveiro_":0.0,"Axollotel":0.0,"Tomiokey":0.0,"Otronix":0.0,"PumiTheCat":0.0,"StaudammAusHolz":0.0,"G0at3D":0.0,"SecretAgent_K":0.0,"KMaxN":0.0,"JustAnyy":0.0,"Gfrasti":0.0,"ArthurAlchemist":0.0,"SWLegende":0.0,"redbrll":0.0,"SpeckyCut":0.0,"SpinCrafter":0.0,"NanamiElvi":0.0,"Wissender":0.0,"TheKillerisback":0.0,"NiklasMoWo":0.0,"WshPasie":0.0,"Laaaachs":0.0,"Joy_8oy":0.0,"Sthyq":0.0,"LilFueller":0.0,"xIForgotMySkill":0.0,"Tammywood":0.0,"JayMinInSane":0.0,"qMika":0.0,"Odlaa":0.0,"cheesecake2901":0.0,"demiu":0.0,"KINT0":0.0,"destr0yed_":0.0,"Raefinzs":0.0,"Scuprum":0.0,"Dubbly":0.0,"20LeRe10":0.0,"xiooh":0.0,"Falke_01":0.0,"ScreamingBlatz":0.0,"Txlentierter":0.0,"FluffyDragon2007":0.0,"DrSpeed06":0.0,"GlowyDusk":0.0,"Kopfradio":0.0,"frutigall":0.0,"SB387":0.0,"Lord_Weibull":0.0,"Kokochampo":0.0,"Kanickelul":0.0,"BusinessBent":0.0,"loukrativ":0.0,"Steavn":0.0,"xd_Maiky":0.0,"EinfachEazy":0.0,"LordAlexos":0.0,"BastiGHG":0.0,"SmartyxD":0.0}