{"Allooy":1149.9276485788,"cediiiiii_10":1052.8068972371,"chrisihalt":797.9538859074,"Muniix":788.5434307295,"Fflopse":725.5645000994,"_n3d":728.7735042735,"qriezmannsOpa":693.7199363944,"Ex4cted":549.2000596303,"Gobo9":539.5262373286,"ReichesBrot":461.1784933413,"NewNormal0947":454.375571457,"HerrDante":376.3696084277,"Umgfoin":362.8304512025,"PedroZockt":333.7109918505,"rotmann2":286.5742397138,"VendasTM":247.7921884317,"JOW23":240.9779367919,"FrozenNoah":237.3255813953,"Joe3346":221.6329755516,"CML_Justin":207.4832041344,"JennieKim":219.8545020871,"Ninivee":203.8953488372,"DarkCobweb":199.0662890081,"Freeeedom":197.7196382429,"Teesily":190.2429934407,"Ungluecklicher":189.3226992646,"Lelouch610":176.4052872192,"Nor_Malo":170.3527131783,"Luxemburq":164.3326376466,"2wc":155.8333333333,"KakaMC":154.7942754919,"Squashgitter333":150.6122043331,"GingerTeddy":145.5509838998,"Grapfen":138.2170542636,"yzvm":129.1666666667,"lizsyy":122.4060822898,"2B9":120.6589147287,"agowskyy":118.5271317829,"toxicplace":116.6666666667,"byTobi":115.3294573643,"La_meleagro":109.3023255814,"Schmaarek":107.984496124,"yiiq":105.1709401709,"camman18YT":103.2886106142,"vKito":101.2596899225,"Shiewk":100.2564102564,"ByNetherdude":100.0,"miridis41":95.8139534884,"Vanillinchen":90.9401709402,"MaxMitMaulkorb":89.9612403101,"TheFabo":89.3018286623,"LeMetin_":74.3604651163,"zBro":82.0930232558,"swiffle":81.3861061419,"Sey__":77.2868217054,"h4nnes":75.0968992248,"GermanPie":70.4651162791,"YBCM":69.2248062016,"LeWi_100":68.8333333333,"Feinberg":67.0264360962,"Lubottus":59.799244683,"GeneralEnte06":58.7209302326,"Stockinqs":57.2331544425,"ffawks":54.8290598291,"xBaumeisterin":51.3953488372,"AnzeigeGehtRaus":51.3953488372,"Mincheeen":51.1627906977,"RasenLP":51.0738421785,"Seemops_8":50.0,"DaVinci_Son":48.7596899225,"unausgesprochen":47.4612403101,"marbrueck":46.722321606,"Bildungsarten":45.5620155039,"Wienerisch":38.228980322,"Ritokii":37.4358974359,"M0osebumps":36.4897634665,"zLachs":36.4355992844,"NotLennart":35.8333333333,"Kyuudo":32.5968992248,"GamemasterNiki":30.811965812,"y9nic":30.0,"Morittz":30.0,"sirmigorius":28.1837606838,"xX_Dima_ggg_Xx6":27.1317829457,"JOW24":27.1317829457,"DieserBear":26.7213277678,"HeIsJustAPoorBoy":26.6666666667,"Gummibearchen":26.0,"Gryzes":25.5620155039,"Simlll":25.4263565891,"Nervigerr":25.0,"TheBreadHD":25.0,"CladyNoClip_":23.4302325581,"LucaaOn":23.3333333333,"yachayubin":23.3333333333,"SatzdesPytag0ras":22.5,"Bikoop":21.6666666667,"Sower_":20.2325581395,"Lingex":20.0,"PixlNight":20.0,"Janne4k":20.0,"Gerrygames":19.87278871,"Krusti":19.6899224806,"deadfiight":17.5,"Vacted":16.6666666667,"Gestimus":16.6666666667,"lolisamasan":16.6666666667,"Tim_Voltia":13.1627906977,"twitchparaskiill":12.3643410853,"revolverz":12.3255813953,"BauHD":12.1317829457,"MrNulfred":11.6666666667,"Juti0n":11.6666666667,"Oronor":10.0,"LordAlexos":10.0,"Keenaai":10.0,"lvlaurin":9.1279069767,"Luis_XYZ":7.8205128205,"Phoenix3000":7.5,"Joel_the_king":7.5,"Falke23_5":7.3255813953,"_Waldi_":6.6666666667,"Jan2220":6.6666666667,"BastiGHG":6.6666666667,"BunnyKiko":5.6976744186,"Lennart0911":5.6976744186,"Harold_Sensemann":5.4651162791,"ForceFox":5.0,"MoZadaTV":5.0,"Navex":5.0,"SWLegende":5.0,"Picutar":4.4186046512,"Julius16":2.7906976744,"Hyxeed":2.3255813953,"linastunna":2.3255813953,"SiLoHB":2.3255813953,"ZweitesIch":2.3255813953,"Wolkenfarmer":2.0930232558,"Cytoox":2.0930232558,"musi1999":2.0930232558,"FlyingAutismus":2.0930232558,"Acidey":2.0930232558,"Persidieus":1.8604651163,"Lutorix":1.8604651163,"Bartschii":1.8604651163,"N3XV":1.7988471477,"shellny":1.6279069767,"Sackkerl":1.6279069767,"Dat_Klan":1.6279069767,"Pluto28":1.5662890081,"medisant":1.3953488372,"crocodile1870":1.3953488372,"Kklopse":1.3953488372,"HerosHD":1.3953488372,"juvona":1.1627906977,"WirdNichtGeladen":1.1627906977,"cxl1lo":1.1627906977,"Dokkkkko":1.1627906977,"GrafikKatze":0.9401709402,"_Einfallslos_":0.9401709402,"Snitcherella":0.9302325581,"D4rkCookie":0.8686145895,"Sebi1801":0.6976744186,"FlyingKyubi":0.6976744186,"RyanxCole":0.6976744186,"Otronix":0.4651162791,"T_Niko_T":0.4651162791,"Laaaachs":0.4651162791,"xd_Maiky":0.4651162791,"__egE":0.4273504274,"MaxOnTheRoad":0.4273504274,"LilFueller":0.3418803419,"xX_Masha_ggg_Xx9":0.1709401709,"StaudammAusHolz":0.0,"SpinCrafter":0.0,"PolizeiDreamy":0.0,"DerAutist":0.0,"Tomiokey":0.0,"kfc_man069":0.0,"Wissender":0.0,"Mvsk_":0.0,"TheKillerisback":0.0,"Highsay":0.0,"OutcroYoutube":0.0,"WuschigesEtwas":0.0,"M0orey_0":0.0,"Martomias":0.0,"lolisamakun":0.0,"jimmi4Life":0.0,"redbrll":0.0,"Anni808":0.0,"Axollotel":0.0,"NanamiElvi":0.0,"SpeckyCut":0.0,"bawskey":0.0,"loukrativ":0.0,"PumiTheCat":0.0,"dossantosaveiro_":0.0,"Kopfradio":0.0,"ArthurAlchemist":0.0,"Gfrasti":0.0,"ScreamingBlatz":0.0,"Mansuni":0.0,"KMaxN":0.0,"SecretAgent_K":0.0,"G0at3D":0.0,"WshPasie":0.0,"cheesecake2901":0.0,"Chander24":0.0,"Bikop":0.0,"destr0yed_":0.0,"demiu":0.0,"KINT0":0.0,"Lord_Weibull":0.0,"Scuprum":0.0,"Tammywood":0.0,"Flitzi_Dino":0.0,"EinfachEazy":0.0,"Kokochampo":0.0,"Dubbly":0.0,"xiooh":0.0,"Joy_8oy":0.0,"GlowyDusk":0.0,"Steavn":0.0,"FluffyDragon2007":0.0,"Carl1_1":0.0,"Raefinzs":0.0,"xIForgotMySkill":0.0,"Falke_01":0.0,"Kanickelul":0.0,"SB387":0.0,"Sthyq":0.0,"IchHolzDichWeg":0.0,"Odlaa":0.0,"NiklasMoWo":0.0,"20LeRe10":0.0,"frutigall":0.0,"DrSpeed06":0.0,"JayMinInSane":0.0,"BusinessBent":0.0,"Txlentierter":0.0,"SmartyxD":0.0}