{"Allooy":1137.5412442854,"cediiiiii_10":1077.8144504075,"chrisihalt":790.0760286225,"Fflopse":716.595110316,"_n3d":723.8742794673,"Muniix":765.5106340688,"qriezmannsOpa":708.1074339098,"Ex4cted":540.7598886901,"ReichesBrot":455.0075531703,"NewNormal0947":512.9906579209,"Gobo9":536.5258397933,"Umgfoin":383.4426555357,"HerrDante":375.4002186444,"PedroZockt":331.4460345856,"rotmann2":285.1878354204,"Joe3346":267.120552574,"VendasTM":264.4912542238,"Luxemburq":242.9914529915,"JOW23":240.9779367919,"FrozenNoah":237.3255813953,"JennieKim":220.2818525144,"CML_Justin":186.5529715762,"Ninivee":203.8953488372,"DarkCobweb":198.8953488372,"Freeeedom":194.9870801034,"Teesily":192.4831047505,"Ungluecklicher":186.590141125,"Lelouch610":176.3198171338,"Nor_Malo":162.6201550388,"2wc":155.8333333333,"KakaMC":154.0727489565,"Squashgitter333":148.1146889286,"GingerTeddy":143.5509838998,"Grapfen":138.2170542636,"yzvm":129.1666666667,"lizsyy":122.2351421189,"2B9":120.6589147287,"agowskyy":118.5271317829,"toxicplace":116.6666666667,"byTobi":115.3294573643,"La_meleagro":109.3023255814,"Schmaarek":107.0542635659,"yiiq":105.1709401709,"camman18YT":103.2886106142,"vKito":101.2596899225,"Shiewk":100.2564102564,"ByNetherdude":100.0,"LeMetin_":74.3604651163,"miridis41":90.8139534884,"Vanillinchen":90.7692307692,"MaxMitMaulkorb":89.9612403101,"TheFabo":89.0692705228,"zBro":82.0930232558,"swiffle":81.3861061419,"h4nnes":74.6317829457,"Sey__":72.0542635659,"GermanPie":70.4651162791,"YBCM":69.2248062016,"LeWi_100":68.8333333333,"Feinberg":67.0264360962,"Lubottus":59.5666865434,"GeneralEnte06":58.7209302326,"Stockinqs":57.2331544425,"ffawks":54.8290598291,"RasenLP":51.9285430332,"xBaumeisterin":51.3953488372,"AnzeigeGehtRaus":51.3953488372,"Mincheeen":50.4651162791,"Seemops_8":50.0,"DaVinci_Son":48.7596899225,"unausgesprochen":47.4612403101,"marbrueck":46.4659113496,"Bildungsarten":45.5620155039,"Wienerisch":40.4313257802,"Ritokii":37.4358974359,"M0osebumps":36.404293381,"zLachs":36.032100974,"NotLennart":35.8333333333,"Kyuudo":32.5968992248,"GamemasterNiki":30.5555555556,"Morittz":30.0,"y9nic":30.0,"xX_Dima_ggg_Xx6":27.1317829457,"HeIsJustAPoorBoy":26.6666666667,"JOW24":26.6666666667,"DieserBear":26.4887696283,"Gummibearchen":26.0,"Gryzes":25.5620155039,"sirmigorius":25.4273504274,"Simlll":25.4263565891,"Nervigerr":25.0,"TheBreadHD":25.0,"CladyNoClip_":23.4302325581,"LucaaOn":23.3333333333,"yachayubin":23.3333333333,"SatzdesPytag0ras":22.5,"Bikoop":21.6666666667,"Sower_":20.2325581395,"Janne4k":20.0,"Lingex":20.0,"PixlNight":20.0,"Krusti":19.6899224806,"Gerrygames":18.3064997018,"deadfiight":17.5,"Vacted":16.6666666667,"lolisamasan":16.6666666667,"Gestimus":16.6666666667,"Joel_the_king":15.5,"Tim_Voltia":13.1627906977,"twitchparaskiill":12.3643410853,"revolverz":12.3255813953,"Juti0n":11.6666666667,"MrNulfred":11.6666666667,"BauHD":11.6666666667,"LordAlexos":10.0,"Keenaai":10.0,"Oronor":10.0,"lvlaurin":9.1279069767,"Luis_XYZ":7.8205128205,"Phoenix3000":7.5,"Falke23_5":7.3255813953,"Jan2220":6.6666666667,"_Waldi_":6.6666666667,"BastiGHG":6.6666666667,"BunnyKiko":5.6976744186,"Lennart0911":5.6976744186,"Harold_Sensemann":5.4651162791,"Navex":5.0,"MoZadaTV":5.0,"SWLegende":5.0,"ForceFox":5.0,"Picutar":4.4186046512,"Julius16":2.7906976744,"SiLoHB":2.3255813953,"linastunna":2.3255813953,"Hyxeed":2.3255813953,"ZweitesIch":2.3255813953,"FlyingAutismus":2.0930232558,"Acidey":2.0930232558,"Cytoox":2.0930232558,"Wolkenfarmer":2.0930232558,"musi1999":2.0930232558,"Lutorix":1.8604651163,"Bartschii":1.8604651163,"Persidieus":1.8604651163,"Pluto28":1.7372291791,"Sackkerl":1.6279069767,"Dat_Klan":1.6279069767,"shellny":1.6279069767,"N3XV":1.6279069767,"HerosHD":1.3953488372,"medisant":1.3953488372,"Kklopse":1.3953488372,"crocodile1870":1.3953488372,"WirdNichtGeladen":1.1627906977,"cxl1lo":1.1627906977,"juvona":1.1627906977,"GrafikKatze":0.9401709402,"Snitcherella":0.9302325581,"Dokkkkko":0.9302325581,"_Einfallslos_":0.8547008547,"RyanxCole":0.6976744186,"Sebi1801":0.6976744186,"FlyingKyubi":0.6976744186,"D4rkCookie":0.6976744186,"T_Niko_T":0.4651162791,"Laaaachs":0.4651162791,"__egE":0.4273504274,"MaxOnTheRoad":0.4273504274,"LilFueller":0.1709401709,"TheKillerisback":0.0,"SB387":0.0,"JayMinInSane":0.0,"Wissender":0.0,"KINT0":0.0,"jimmi4Life":0.0,"DrSpeed06":0.0,"Martomias":0.0,"Dubbly":0.0,"lolisamakun":0.0,"IchHolzDichWeg":0.0,"SpinCrafter":0.0,"Highsay":0.0,"Flitzi_Dino":0.0,"Falke_01":0.0,"FluffyDragon2007":0.0,"NanamiElvi":0.0,"Chander24":0.0,"demiu":0.0,"StaudammAusHolz":0.0,"Tomiokey":0.0,"Carl1_1":0.0,"DerAutist":0.0,"PolizeiDreamy":0.0,"Otronix":0.0,"PumiTheCat":0.0,"G0at3D":0.0,"SpeckyCut":0.0,"SecretAgent_K":0.0,"redbrll":0.0,"KMaxN":0.0,"Gfrasti":0.0,"ArthurAlchemist":0.0,"NiklasMoWo":0.0,"Kanickelul":0.0,"Lord_Weibull":0.0,"ScreamingBlatz":0.0,"xX_Masha_ggg_Xx9":0.0,"Sthyq":0.0,"BusinessBent":0.0,"Txlentierter":0.0,"Raefinzs":0.0,"frutigall":0.0,"GlowyDusk":0.0,"xd_Maiky":0.0,"Tammywood":0.0,"Axollotel":0.0,"xIForgotMySkill":0.0,"cheesecake2901":0.0,"Kopfradio":0.0,"Odlaa":0.0,"dossantosaveiro_":0.0,"Steavn":0.0,"SmartyxD":0.0,"WshPasie":0.0,"xiooh":0.0,"M0orey_0":0.0,"bawskey":0.0,"kfc_man069":0.0,"WuschigesEtwas":0.0,"OutcroYoutube":0.0,"destr0yed_":0.0,"Mvsk_":0.0,"Bikop":0.0,"Joy_8oy":0.0,"Anni808":0.0,"Mansuni":0.0,"Kokochampo":0.0,"Scuprum":0.0,"loukrativ":0.0,"EinfachEazy":0.0,"20LeRe10":0.0}