{"Allooy":1101.4340659341,"cediiiiii_10":934.6172161172,"_n3d":740.3733211233,"Muniix":726.9865689866,"qriezmannsOpa":720.4401709402,"chrisihalt":781.4188034188,"Fflopse":643.6761294261,"Ex4cted":538.7991452991,"Gobo9":501.7289377289,"NewNormal0947":478.1236263736,"Umgfoin":372.0604395604,"HerrDante":306.2878510379,"ReichesBrot":457.8141025641,"rotmann2":305.0641025641,"Pedrozockt":302.3717948718,"Lelouch610":189.8760683761,"Joe3346":244.6758241758,"JennieKim":232.4658119658,"FrozenNoah":198.2307692308,"Ninivee":196.5903540904,"CML_Justin":218.8547008547,"Teesily":185.9316239316,"JOW23":189.7203907204,"Luxemburq":170.8455433455,"DarkCobweb":164.0445665446,"VendasTM":187.3717948718,"Freeeedom":183.4829059829,"GingerTeddy":175.3888888889,"Squashgitter333":156.9444444444,"KakaMC":138.1562881563,"2B9":150.1474358974,"lizsyy":122.6923076923,"La_meleagro":121.9413919414,"toxicplace":116.6666666667,"yzvm":100.119047619,"2wc":141.25,"Shiewk":100.3418803419,"Grapfen":123.6584249084,"agowskyy":117.4084249084,"miridis41":96.4102564103,"Schmaarek":98.7179487179,"TheFabo":79.4444444444,"ByNetherdude":100.0,"MaxMitMaulkorb":90.1282051282,"Vanillinchen":80.9401709402,"GermanPie":84.7985347985,"yiiq":87.0128205128,"swiffle":89.4188034188,"Feinberg":67.4358974359,"vKito":89.4743589744,"Sey__":82.6923076923,"Lubottus":60.8547008547,"GeneralEnte06":59.8717948718,"zBro":63.2600732601,"Stockinqs":57.9487179487,"byTobi":80.5915750916,"YBCM":69.4871794872,"camman18YT":87.1703296703,"h4nnes":51.5256410256,"xBaumeisterin":51.5384615385,"Mincheeen":51.2820512821,"Seemops_8":50.0,"LeWi_100":68.8333333333,"Ungluecklicher":87.0641025641,"DaVinci_Son":49.9148351648,"RasenLP":53.8461538462,"unausgesprochen":46.7948717949,"LeMetin_":74.5512820513,"ffawks":51.6666666667,"Wienerisch":45.5769230769,"Persidieus":39.7298534799,"marbrueck":37.452991453,"Ritokii":37.4358974359,"LucaaOn":48.5833333333,"Gerrygames":26.0512820513,"y9nic":30.0,"DieserBear":21.8376068376,"JOW24":20.0366300366,"xX_Dima_ggg_Xx6":27.1794871795,"ZweitesIch":26.6712454212,"Flitzi_Dino":26.7857142857,"Sthyq":23.3333333333,"M0osebumps":30.0854700855,"Gestimus":35.9166666667,"Txlentierter":25.2857142857,"Morittz":36.1904761905,"NotLennart":23.2738095238,"Hyxeed":22.5641025641,"lvlaurin":18.4615384615,"yachayubin":23.3333333333,"Kyuudo":22.6923076923,"BastiGHG":20.0,"PedroZockt":0.0,"deadfiight":20.1709401709,"PixlNight":20.0,"Nervigerr":12.5,"Simlll":12.3076923077,"BunnyKiko":18.8827838828,"GamemasterNiki":33.9957264957,"Gummibearchen":18.380952381,"MaxOnTheRoad":17.094017094,"Janne4k":10.0,"Gryzes":23.2051282051,"Wolkenfarmer":14.8076923077,"Steavn":15.3571428571,"FlyingKyubi":15.0256410256,"Bartschii":14.1941391941,"lolisamasan":15.0,"Tim_Voltia":13.2820512821,"DerAutist":14.2857142857,"ArthurAlchemist":14.2857142857,"Mansuni":14.2857142857,"Lutorix":13.3012820513,"Bikoop":17.6666666667,"juvona":12.7884615385,"revolverz":9.2307692308,"TheKillerisback":12.5,"twitchparaskiill":18.4358974359,"Dat_Klan":10.3663003663,"SecretAgent_K":10.7142857143,"Krusti":20.0,"LordAlexos":10.0,"Oronor":10.0,"Kanickelul":10.0,"HeIsJustAPoorBoy":26.6666666667,"TheBreadHD":25.0,"SatzdesPytag0ras":22.5,"Sebi1801":8.2692307692,"medisant":7.7884615385,"Nor_Malo":0.0,"Lingex":20.0,"Harold_Sensemann":4.2628205128,"Picutar":4.8717948718,"Vacted":16.6666666667,"ForceFox":3.75,"Keenaai":15.0,"PumiTheCat":5.7142857143,"Falke23_5":7.5641025641,"Luis_XYZ":7.905982906,"BauHD":12.1794871795,"NiklasMoWo":5.0,"Falke_01":5.0,"KMaxN":5.0,"frutigall":3.3333333333,"MrNulfred":11.6666666667,"Juti0n":11.6666666667,"Julius16":3.0769230769,"Phoenix3000":10.0,"SiLoHB":2.5641025641,"Sackkerl":2.5641025641,"musi1999":2.5641025641,"Cytoox":2.5641025641,"Acidey":2.3076923077,"FlyingAutismus":2.3076923077,"Lennart0911":5.7692307692,"N3XV":2.3076923077,"Jan2220":6.6666666667,"_Waldi_":6.6666666667,"shellny":1.7948717949,"AnzeigeGehtRaus":0.0,"Pluto28":1.5384615385,"HerosHD":1.5384615385,"crocodile1870":1.5384615385,"Dokkkkko":1.5384615385,"Bildungsarten":0.0,"Navex":5.0,"MoZadaTV":5.0,"cxl1lo":1.2820512821,"WirdNichtGeladen":1.2820512821,"zLachs":0.0,"RyanxCole":1.0256410256,"Snitcherella":1.0256410256,"Sower_":0.0,"sirmigorius":0.0,"D4rkCookie":0.9401709402,"_Einfallslos_":1.0256410256,"CladyNoClip_":0.0,"GrafikKatze":0.9401709402,"xd_Maiky":0.5128205128,"Laaaachs":0.5128205128,"T_Niko_T":0.5128205128,"LilFueller":0.4273504274,"__egE":0.4273504274,"Joel_the_king":0.0,"xX_Masha_ggg_Xx9":0.2564102564,"SWLegende":0.0,"linastunna":0.0,"Otronix":0.0,"Wissender":0.0,"M0orey_0":0.0,"BusinessBent":0.0,"PolizeiDreamy":0.0,"WuschigesEtwas":0.0,"EinfachEazy":0.0,"Highsay":0.0,"GlowyDusk":0.0,"Chander24":0.0,"xiooh":0.0,"Odlaa":0.0,"Axollotel":0.0,"Dubbly":0.0,"Martomias":0.0,"destr0yed_":0.0,"OutcroYoutube":0.0,"lolisamakun":0.0,"SmartyxD":0.0,"Tammywood":0.0,"NanamiElvi":0.0,"jimmi4Life":0.0,"20LeRe10":0.0,"SpinCrafter":0.0,"bawskey":0.0,"Raefinzs":0.0,"SpeckyCut":0.0,"Kokochampo":0.0,"JayMinInSane":0.0,"Mvsk_":0.0,"StaudammAusHolz":0.0,"bikop":0.0,"ScreamingBlatz":0.0,"Kopfradio":0.0,"WshPasie":0.0,"KINT0":0.0,"Bikop":0.0,"redbrll":0.0,"Scuprum":0.0,"FluffyDragon2007":0.0,"dossantosaveiro_":0.0,"SB387":0.0,"Anni808":0.0,"Carl1_1":0.0,"IchHolzDichWeg":0.0,"DrSpeed06":0.0,"kfc_man069":0.0,"G0at3D":0.0,"demiu":0.0,"Lord_Weibull":0.0,"Joy_8oy":0.0,"Tomiokey":0.0,"loukrativ":0.0,"Gfrasti":0.0,"cheesecake2901":0.0,"xIForgotMySkill":0.0}